"","x"
"1","AAGTCGTAACAAGGTTTCCGTAGGTGAACCTGCGGAAGGATCATTACCGAGTGAGGGCCCCTCGCGGCCCAACCTCCCACCCTTGTCTCCAACACCTGTTGCTTCGGCGGGCCCACCGGGGCCACCCGGTCGCCGGGGGACATCCGTCCCCGGGCCCGCGCCCGCCGAGGCGCTCTGTGAACCCTGATGAAGATGGGCTGTCTGAGTGATATGAAAATTGTCAAAACTTTCAACAATGGATCTCTTGGTTCCGGCATC"
"2","AAGTCGTAACAAGGTTTCCGTAGGTGAACCTGCGGAAGGATCATTACCGAGTGAGGGCCCTCTGGGTCCAACCTCCCACCCGTGTTTATCGTACCTTGTTGCTTCGGCGGGCCCGCCTCACGGCCGCCGGGGGGCATCCGCCCCCGGGCCCGCGCCCGCCGAAGACACACAAACGAACTCTTGTCTGAAGATTGCAGTCTGAGTACTTGACTAAATCAGTTAAAACTTTCAACAACGGATCTCTTGGTTCCGGCATC"
"3","AAGTCGTAACAAGGTCTCCGTTGGTGAACCAGCGGAGGGATCATTACCAGAGTGCCCTAGGCTCTCCAACCCATTGTGAACTTACCAAACGTTCCCTCGGCGGGCTCAGCGCGCGGTGGCCTCCGGGCCTCCGGGCGTCCGCCGGGGAAAACCAAACCCTGATTTAATCGTATTTCTCTGAGGGGCGAAAGCCCGAAAACAAAATGAATCAAAACTTTCAACAACGGATCTCTTGGCTCTGGCATC"
"4","AAGTCGTAACAAGGTTTCCGTAGGTGAACCTGCGGAAGGATCATTACCGAGTGAGGGCCCTCTGGGTCCAACCTCCCACCCGTGTTTATTTTACCTTGTTGCTTCGGCGAGCCTGCCTTCGGGCTGCCGGGGGGCATCTGCCCCCGGGTCCGCGCTCGCCGGAGACACCTTGAACTCTGTCTGAAGATTGTAGTCTGAGACAAAATATAAATTATTTAAAACTTTCAACAACGGATCTCTTGGTTCCGGCATC"
"5","AAGTCGTAACAAGGTCTCCGTTGGTGAACCAGCGGAGGGATCATTACCAGAGTGCCCTAGGCTCTCCAACCCATTGTGAACATACCTATCGTTCCCTCGGCGGGCTCAGCGCGCGGTGCCTCCGGGCTCCGGGCGTCCGCCGGGGACAACCAAACCCTGATTTTATCGTGTATCTCTGAGGGGCGAAAGCCCGAAAACAAAATAAATCAAAACTTTCAACAACGGATCTCTTGGCTCTGGCATC"
"6","AAGTCGTAACAAGGTTTCCGTAGGTGAACCTGCGGAAGGATCATTACCGAGTGAGGGCCCTCTGGGTCCAACCTCCCACCCGTGTTTATCGTACCTTGTTGCTTCGGCGGGCCCGCCTCACGGCCGCCGGGGGGCATCCGCCCCCGGGCCCGCGCCCGCCGAAGACACCATTGAACTCTTGTCTGAAGATTGCAGTCTGAGCGATTAGCTAAATCAGTTAAAACTTTCAACAACGGATCTCTTGGTTCCGGCATC"
"7","AAGTCGTAACAAGGTCTCCGTAGGTGAACCTGCGGAGGGATCATTACAAGTGACCCCGGTCTAACCACCGGGATGTTCATAACCCTTTGTTGTCCGACTCTGTTGCCTCCGGGGCGACCCTGCCTTCGGGCGGGGGCTCCGGGTGGACACTTCAAACTCTTGCGTAACTTTGCAGTCTGAGTAAACTTAATTAATAAATTAAAACTTTTAACAACGGATCTCTTGGTTCTGGCATC"
"8","AAGTCGTAACAAGGTCTCCGTAGGTGAACCTGCGGAGGGATCATTACACAAATATGAAGGCGGGCTGGAACCTCTCGGGGTTACAGCCTTGCTGAATTATTCACCCTTGTCTTTTGCGTACTTCTTGTTTCCTTGGTGGGTTCGCCCACCACTAGGACAAACATAAACCTTTTGTAATTGCAATCAGCGTCAGTAACAAATTAATAATTACAACTTTCAACAACGGATCTCTTGGTTCTGGCATC"
"9","AAGTCGTAACAAGGTTTCCGTAGGTGAACCTGCGGAAGGATCATTACCGAGTGAGGGCCCTCTGGGTCCAACCTCCCACCCGTGTTTATTTACCTTGTTGCTTCGGCGGGCCCGCCTCACGGCCGCCGGGGGGCATTCGCCCCCGGGCCCGCGCCCGCCGAAGACACCATTGAACTCTGTCTGAAGATTGCAGTCTGAGCGATTAACTAAATCAGTTAAAACTTTCAACAACGGATCTCTTGGTTCCGGCATC"
"10","AAGTCGTAACAAGGTTTCCGTAGGTGAACCTGCGGAAGGATCATTACCGAGTGAGGGCCCTCTGGGTCCAACCTCCCACCCGTGTTTATCATACCTAGTTGCTTCGGCGGGCCCGCCGTCATGGCCGCCGGGGGGCATCCGCCCCCGGGCCCGCGCCCGCCGAAGCCCCCCCTGAACGCTGTCTGAAGATTGCAGTCTGAGCGATTAGCTAAATCAGTTAAAACTTTCAACAACGGATCTCTTGGTTCCGGCATC"
"11","AAGTCGTAACAAGGTCTCCGTTGGTGAACCAGCGGAGGGATCATTACCAGAGTGCCCTAGGCTCTCCAACCCATTGTGAACATACCTAACGTTCCCTCGGCGGGCTCAGCGCGCGGTGCCTCCGGGCTCCGGGCGTCCGCCGGGGACAAGCAAACCCTGATTTTATCGTGTATCTCTGAGGGGCGAAAGCCCGAAAACAAAATAAATCAAAACTTTCAACAACGGATCTCTTGGCTCTGGCATC"
"12","AAGTCGTAACAAGGTTTCCGTAGGTGAACCTGCGGAAGGATCATTACCGAGTGAGGGCCCTCTGGGTCCAACCTCCCACCCGTGTTTATCATACCTAGTTGCTTCGGCGGGCCCGCCGTCATGGCCGCCGGGGGGCACTCGCCCCCGGGCCCGCGCCCGCCGAAGACCCCCCTGAACGCTGTCTGAAGATTGCAGTCTGAGCGATTAGCTAAATCAGTTAAAACTTTCAACAACGGATCTCTTGGTTCCGGCATC"
"13","AAGTCGTAACAAGGTTTCCGTAGGTGAACCTGCGGAAGGATCATTACCGAGTGAGGGCCCTCTGGGTCCAACCTCCCACCCGTGTTTATTTACCTTGTTGCTTCGGCGAGCCCGCCTCACGGCCGCCGGGGGGCACCCGCCCCCGGGCCCGCGCCCGCCGAAGACACCATTGAACTCTGTCTGAAGATTGCAGTCTGAGCGATTAGCTAAATCAGTTAAAACTTTCAACAACGGATCTCTTGGTTCCGGCATC"
"14","AAGTAAAAGTCGTAACAAGGTTTCCGTAGGTGAACCTGCGGAAGGATCATTACCTAGAGTTTGTAGACTTCGGTCTGCTACCTCTTACCCATGTCTTTTGAGTACCTTCGTTTCCTCGGCGGGTCCGCCCGCCGATTGGACAACATTCAAACCCTTTGCAGTTGCAATCAGCGTCTGAAAAAACATAATAGTTACAACTTTCAACAACGGATCTCTTGGTTCTGGCATCGA"
"15","AAGTCGTAACAAGGTTTCCGTAGGTGAACCTGCGGAAGGATCATTACCGAGTGCGGGCCCTCGCGGCCCAACCTCCCACCCTTGTCTCTATACACCTGTTGCTTTGGCGGGCCCACCGGGGCCACCTGGTCGCCGGGGGACGCACGTCTCCGGGCCCGCGCCCGCCGAAGCGCTCTGTGAACCCTGATGAAGATGGGCTGTCTGAGTACTGTGAAAATTGTCAAAACTTTCAACAATGGATCTCTTGGTTCCGGCATC"
"16","AAGTCGTAACAAGGTCTCCGTTGGTGAACCAGCGGAGGGATCATTACCGAGTTATACAACTCATCAACCCTGTGAACATACCTATAACGTTGCCTCGGCGGGAACAGACGGCCCCGTAACACGGGCCGCCCCCGCCAGAGGACCCCCTAACTCTGTTTCTATAATGTTTCTTCTGAGTAAACAAGCAAATAAATTAAAACTTTCAACAACGGATCTCTTGGCTCTGGCATC"
"17","AAGTCGTAACAAGGTCTCCGTTGGTGAACCAGCGGAGGGATCATTACCGAGTTTACAACTCCCAAACCCATGTGAACATACCTATCGTTGCTTCGGCGGATCGCCCCGGGCGCCTTGCGTGCCCCGGATCCAGGCGGCCGCCGGGGGACCTTAACTCTTGTTTTTACTGAGAATCTTCTGAGTCGTTTTTACAAATAAATAAAAACTTTCAACAACGGATCTCTTGGTTCTGGCATC"
"18","AAGTAAAAGTCGTAACAAGGTTTCCGTAGGTGAACCTGCGGAAGGATCATTACCTAGAGTTTGTAGACTTCGGTCTGCTACCTCTTACCCATGTCTTTTGAGTACCTTCGTTTCCTCGGCGGGTCCGCCCGCCGATTGGACAACATTCAAACCCTTTGCAGTTGCAATCAGCGTCTGAAAAAACATAATAGTTACAACTTTCAACAACGGATCTCTTGGTTCTGGCATCGAT"
"19","AAGTCGTAACAAGGTCTCCGTTGGTGAACCAGCGGAGGGATCATTACAGAGTTGCAAAACTCCCTAAACCATTGTGAACGTTACCTATACCGTTGCTTCGGCGGGCGGCCTCGGGGTTTACCCCCCGGGCGTCCCTGGGCCCCACCGCGGGCGCCCGCCGGAGGTCACCAAACTCTTGATAATTTATGGCCTCTCTGAGTCTTCTGTACTGAATAAGTCAAAACTTTCAACAACGGATCTCTTGGTTCTGGCATC"
"20","AAGTCGTAACAAGGTTTCCGTAGGTGAACCTGCGGAAGGATCATTACCGAGTGAGGGCCCTCTGGGTCCAACCTCCCACCCGTGTTTATCATACCTAGTTGCTTCGGCGGGCCCGCCGTCATGGCCGCCGGGGGGCACCCGCCCCCGGGCCCGCGCCCGCCGAAGACCCCCCTGAACGCTGTCTGAAGATTGCAGTCTGAGCGATTAGCTAAATCAGTTAAAACTTTCAACAACGGATCTCTTGGTTCCGGCATC"
"21","AAGTCGTAACAAGGTTTCTGTAGGTGAACCTGCAGAAGGATCATTAGTGAAGATTTGGGCAGGCCATACGGACGCCAAAAAGTGTCCCTGGCCGCCTACACCCACTATACATCCACAAACCCGTGTGCACTGTCTTGGAGAAAGGCTTCAGAGAAGTTTTTTGTGGCCTCTCTTGGGGTCTTTCTTCGCTACAAACTCGAATGGTTAGTATGAACGTGGAACTTGGTTGGACCGTCACTGGCCAACAAACTATACACAACTTTCGACAACGGATCTCTTGGTTCTCCCATC"
"22","AAGTCGTAACAAGGTCTCCGTTGGTGAACCAGCGGAGGGATCATTACAAAACGAGTGCTTCGGCTCTCCAACCCATTGTGAACATACCTATCGTTCCCTCGGCGGGCTCAGCGCGCGGCCGGCCTCCGGGCCACCGGGCGTCCGCCGGGGACAACCAAACCCGAATTTTTCGTGTATATCTGAGGGGCGAAAGCCCGAAAACAAAATGAATCAAAACTTTCAACAACGGATCTCTTGGCTCTGGCATC"
"23","AAGTCGTAACAAGGTTTCCGTAGGTGAACCTGCGGAAGGATCATTAGTGAATATTAGGGTGTCCAACTTAACTTGGAGCCCGACCCTCACTTTCTAACCCTGTGCATTTGTCTTGGGTAGTAGCTTGCGTCAGCGAGCGAATCCCATTTCACTTACAAACACAAAGTCTATGAATGTAACAAATTTATAACAAAACAAAACTTTCAACAACGGATCTCTTGGCTCTCGCATC"
"24","AAGTCGTAACAAGGTTTCCGTAGGTGAACCTGCGGAAGGATCATTACCTTTCAATGCAGAAGAGTTGAGATGGTTGAGTATCTCGCCTCTCAATTCTCGCTGTATTTTACCCTTGTTTTTCTCATACTATTATTTCCTCGGCAGGCTCGCCTGCCGGGTGAAACAACTTCAAACCTGTTTAATTTTCAATCAGCGTCTGAACAAATTAATAATTACAACTTTCAACAACGGATCTCTTGGTTCTGGCATC"
"25","AAGTCGTAACAAGGTCTCCGTTGGTGAACCAGCGGAGGGATCATTACCGAGTTATACAACTCCCAAACCCACTGTGAACCTTACCTCAGTTGCCTCGGCGGGACCGCCCCGGCCGCCGCGCAAGCGGCGCCGGACTCCAAGGCGCCCGCCGCAGGGACCCAAAACTCTTTTGCATTACGCCCAACGGCGGGAATTTTTTCTCTGAGTGCATAAGCAAAACAAATGAATCAAAACTTTCAACAACGGATCTCTTGGTTCTGGCATC"
"26","AAGTCGTAACAAGGTTTCCGTAGGTGAACCTGCGGAAGGATCATTACCGAGTGCGGGCCCTCGTGGCCCAACCTCCCACCCTTGTCTCTATACACCTGTTGCTTTGGCGGGCCCACCGGGGCCACCTGGTCGCCGGGGGACATCTGTCCCCGGGCCCGCGCCCGCCGAAGCGCTCTGTGAACCCTGATGAAGATGGGCTGTCTGAGTACTATGAAAATTGTCAAAACTTTCAACAATGGATCTCTTGGTTCCGGCATC"
"27","AAGTCGTAACAAGGTTTCCGTAGGTGAACCTGCGGAAGGATCATTCATAATCAAGTGTTTTTATGGCACTTTCAAAAATCCATATCCACCTTGTGTGCAATGTCATCTCTCTGGGGGCCGCCGGCTGTCAAAAGCCGTGTGGTCACCTTTGGGATTTATATCTACTCAGAACTTTAGTGATTTTGTCTGAAACATATTATGAATACTTAATTCAAAATACAACTTTCAACAACGGATCTCTTGGCTCTCGCATC"
"28","AAGTCGTAACAAGGTTTCCGTAGGTGAACCTGCGGAAGGATCATTACCGAGTGCGGGCCCTCGCGGCCCAACCTCCCACCCTTGTCTCTAATACACCTGTTGCTTTGGCGGGCCCACCGGGGCCACCTGGTCGCCGGGGGACGCACGTCCCCGGGCCCGCGCCCGCCGAAGCGCTCTGTGAACCCTGATGAAGATGGGCTGTCTGAGTACTGTGAAAAATTGTCAAAACTTTCAACAATGGATCTCTTGGTTCCGGCATC"
"29","AAGTCGTAACAAGGTTTCCGTAGGTGAACCTGCGGAAGGATCATTACTGAGTGAGGGCCCTCTGGGTCCAACCTCCCACCCGTGTTTATTGTACCTTGTTGCTTCGGCGCGCCCGCCTCACGGCCGCCGGGGGGCACCCGCCCCCGGGCCCGCGCCCGCCGAAGACACCATTGAACTCTTGTCTGAAGATTGCAGTCTGAGTAGATTAGCTAAATCAGTTAAAACTTTCAACAACGGATCTCTTGGTTCCGGCATC"
"30","AAGTCGTAACAAGGTTTCCGTAGGTGAACCTGCGGAAGGATCATTACCGAGTGAGGGCCCTCTGGGTCCAACCTCCCACCCGTGTTTTTCATACCTAGTTGCTTCGGCGGGCCCGCCGTCATGGCCGCCGGGGGGCACCCGCCCCCGGGCCCGCGCCCGCCGAAGACCCCCCCTGAACGCTGTCTGAAGATTGCAGTCTGAGCGATTAGCTAAATCAGTTAAAACTTTCAACAACGGATCTCTTGGTTCCGGCATC"
"31","AAGTCGTAACAAGGTTTCCGTAGGTGAACCTGCGGAAGGATCACTAGTGATTAAATCGAGCGTGTCTTCATTGACCGCTCACCCTTCTCACCATCCACATACACCTGTGCACTGTTTAGCCTGAGCCGGTTTTCCGGCCCAGGTTATCATTTCATACAAACTCTAGTCTTATGAATGTAAACGTTTTAATAACATAATAAAACTTTCAACAACGGATCTCTTGGTTCTCGCATC"
"32","AAGTCGTAACAAGGTTTCCGTAGGTGAACCTGCGGAAGGATCATTCATAATCAAGTGTTTTTATGGCACTTTCAAAAATCCATATCCACCTTGTGTGCAATGTCATCTCTCTGGGGGCTGCCGGCTGTCAAAAGCCGTGTGGTCACCTTTGGGATTTATATCTACTCAGAACTTTAGTGATTTTGTCTGAAACATATTATGAATACTTAATTCAAAATACAACTTTCAACAACGGATCTCTTGGCTCTCGCATC"
"33","AAGTCGTAACAAGGTTTCCGTAGGTGAACCTGCGGAAGGATCATTATCAAAAGTCAAGTCGGGGGCTGTAAAGCTCTCGTCTACACCCATGTCTTTTGCGTACTCTTGTTTCCTCGGTGGCGCAAGCTGCCGATTGGACAAACCAAAACCTTTTTTGTAATTGCAATCAGCGTCTGAAAATAATCTAATTATTTACAACTTTCAACAACGGATCTCTTGGTTCTGGCATC"
"34","GAAGTAAAAGTCGTAACAAGGTTTCCGTAGGTGAACCTGCGGAAGGATCATTACCTAGAGTTTGTAGACTTCGGTCTGCTACCTCTTACCCATGTCTTTTGAGTACCTTCGTTTCCTCGGCGGGTCCGCCCGCCGATTGGACAACATTCAAACCCTTTGCAGTTGCAATCAGCGTCTGAAAAAACATAATAGTTACAACTTTCAACAACGGATCTCTTGGTTCTGGCATCGA"
"35","AGTAAAAGTCGTAACAAGGTTTCCGTAGGTGAACCTGCGGAAGGATCATTACCTAGAGTTTGTAGACTTCGGTCTGCTACCTCTTACCCATGTCTTTTGAGTACCTTCGTTTCCTCGGCGGGTCCGCCCGCCGATTGGACAACATTCAAACCCTTTGCAGTTGCAATCAGCGTCTGAAAAAACATAATAGTTACAACTTTCAACAACGGATCTCTTGGTTCTGGCATCGA"
"36","AAGTCGTAACAAGGTTTCCGTAGGTGAACCTGCGGAAGGATCATTACAGTAGTCACCCGGGTTGCCGCAAGGCCTCTCGGGTAACCTACCACCCTTTGTTTATTACACTTTGTTGCTTTGGCAGGCCTGCCTTCGGGCTGCTGGCTCCGGCCGGCGAGCGCTTGCCAGAGGATCTAAACTCTGTTTGTCTATACTGTCTGAGTACTATATAATAGTTAAAACTTTCAACAACGGATCTCTTGGTTCTGGCATC"
"37","AAGTCGTAACAAGGTTTCCGTAGGTGAACCTGCGGAAGGATCATTACACATTCGGGGCGCTTCGGCGCTCCTTATACACCCACCCTCTGCCTACGTGTACCTCTATAGCTTCCTCGGCGGGCTCGCCCGCCGCCAGGAACCCACGAAACCCCTTGCATTATACGCGAAAACTTCTGATAACAAACCTAAATTATCACAACTTTCAACAATGGATCTCTTGGTTCTGGCATC"
"38","AAAGTCGTAACAAGGTCTCCGTTGGTGAACCAGCGGAGGGATCATTACCGAGTTTACAACTCCCAAACCCCTGTGAACATACCTTACTGTTGCCTCGGCGGATCAGCCCGCGCCCGGTAAAACGGGACGGCCCGCCAGAGGACCCCTAAACTCTGTTTTTATTGTAACTTCTGAGTAAAACCATAAATAAATCAAAACTTTCAACAACGGATCTCTTGGTTCTGGCATC"
"39","AGTAAAAGTCGTAACAAGGTTTCCGTAGGTGAACCTGCGGAAGGATCATTACCTAGAGTTTGTAGACTTCGGTCTGCTACCTCTTACCCATGTCTTTTGAGTACCTTCGTTTCCTCGGCGGGTCCGCCCGCCGATTGGACAACATTCAAACCCTTTGCAGTTGCAATCAGCGTCTGAAAAAACATAATAGTTACAACTTTCAACAACGGATCTCTTGGTTCTGGCATCGAT"
"40","AAGTCGTAACAAGGTTTCCGTAGGTGAACCTGCGGAAGGATCATTAGTGAATATTAGGGTGTCCAACTTAACTTGGAGCCCGACCCTCACTTTCTAACCCTGTGCATTTGTTTTGGGTAGTAGCTTGCGTCAGCGAGCGAATCCCATTTCACTTACAAACACAAAGTTTCTGAATGTAACAAATTTATAACAAACAAAACTTTCAACAACGGATCTCTTGGCTCTCGCATC"
"41","GAAGTAAAAGTCGTAACAAGGTTTCCGTAGGTGAACCTGCGGAAGGATCATTACCTAGAGTTTGTAGACTTCGGTCTGCTACCTCTTACCCATGTCTTTTGAGTACCTTCGTTTCCTCGGCGGGTCCGCCCGCCGATTGGACAACATTCAAACCCTTTGCAGTTGCAATCAGCGTCTGAAAAAACATAATAGTTACAACTTTCAACAACGGATCTCTTGGTTCTGGCATCGAT"
"42","AAGTCGTAACAAGGTTTCCGTAGGTGAACCTGCGGAAGGATCATTACTGAGTGAGGGCCCTCTGGGTCCAACCTCCCACCCGTGTTTATTGTACCTTGTTGCTTCGGCAGGCCCGCCTCACGGCCGCCGGGGGGCTTTCCGCCCCCGGGCCCGCGCCTGCCGGAGACAATCTTGAACGCTGTCTGAAGAATGCAGTCTGAGCGATTAAGCAAAATTAGTTAAAACTTTCAACAACGGATCTCTTGGTTCCGGCATC"
"43","AAGTCGTAACAAGGTCTCCGTAGGTGAACCTGCGGAGGGATCATTACAAGAACGCCCGGGCTTCGGCCTGGTTATTCATAACCCTTTGTTGTCCGACTCTGTTGCCTCCGGGGCGACCCTGCCTTCGGGCGGGGGCTCCGGGTGGACACTTCAAACTCTTGCGTAACTTTGCAGTCTGAGTAAACTTAATTAATAAATTAAAACTTTTAACAACGGATCTCTTGGTTCTGGCATC"
"44","AAGTCGTAACAAGGTCTCCGTAGGTGAACCTGCGGAGGGATCATTACAAGTTGACCCCGGCCCTCGGGCCGGGATGTTCACAACCCTTTGTTGTCCGACTCTGTTGCCTCCGGGGCGACCCTGCCTCCGGGCGGGGGCCCCGGGTGGACATTTCAAACTCTTGCGTAACTTTGCAGTCTGAGTAAATTTAATTAATAAATTAAAACTTTCAACAACGGATCTCTTGGTTCTGGCATC"
"45","AAGTCGTAACAAGGTTTCCGTAGGTGAACCTGCGGAAGGATCATTACAGTAGTCGCCCGGGTTGCCGCAAGGCCTCCCGGGTAACCTACCACCCTTTGTTTATTACACTTTGTTGCTTTGGCAAGCCTGCCCTCGGGCTGCTGGCTCCGGCCGGCGAGCGCTTGCCAGAGGACCTAAACTCTGTTTGTTTATACTGTCTGAGTACTATATAATAGTTAAAACTTTCAACAACGGATCTCTTGGTTCTGGCATC"
"46","AAGTCGTAACAAGGTTTCCGTAGGTGAACCTGCGGAAGGATCATTACCGAGTGAGGGCCCTCTGGGTCCAACCTCCCACCCATGTTTATTGTACCTTGTTGCTTCGGCGGGCCCGCCTCACGGCCGCCGGGGGGCTTCTGCCCTCTGGCCCGCGCCCGCCGAAGACACCATTGAACACTGTCTGAAGATTGCAGTCTGAGCAATTAGCTAAATAAGTTAAAACTTTCAACAACGGATCTCTTGGTTCCGGCATC"
"47","AAGTCGTAACAAGGTTTCTGTAGGTGAACCTGCAGAAGGATCATTAGTGAAGATTTGGGCAGGCCATACGGACGCCAAAAAAGTGTCCCTGGCCGCCTACACCCACTATACATCCACAAACCCGTGTGCACTGTCTTGGAGAAAGGCTTCTTGAGAAGTTTTGTGGCCTCTCTTGGGGTCTTTCTTCGCTACAAACTCGAATGGTTAGTATGAACGTGGAACTTGGTTGGACCGTCACTGGCCAACAAACTATACACAACTTTCGACAACGGATCTCTTGGTTCTCCCATC"
"48","AAGTCGTAACAAGGTTTCCGTAGGTGAACCTGCGGAAGGATCATTAACCTTTCAAATCAGGGTGCGGCGCGGCCCCCGAGGAGCGGAAACAATCCTTGGGAGGTATGCGGGGGCTTCGAGCCCCCCATTTACGCACGCACGACTGCCATCCTTACTTTACGAGCACCTTCTGTTCTCCCTCGGCGGGGCAACCTGCCGTTGGAACCGAATAAACTCTTTTTGCATCTAGCATTACCTGTTCCGAAACAAACAATCGTTACAACTTTCAACAATGGATCTCTTGGCTCTGGCATC"
"49","AAGTCGTAACAAGGTCTCCGTTGGTGAACCAGCGGAGGGATCATTACCGAGTTTACAACTCCCAAACCCCTATGTGAACGTTACCAAAATGTTGCCTCGGCGGGGAATTTATTCATGCCCCGGGCGCGTCGCAGCCCCGGACCAAGGCGCCCGCCGGAGGACCAACCAAAACTCTTTTGTATGTCCCCTCGCGGACTTTTATAATTCTGAACCATCTCGGCGCCCCTTGCGGGCGTTTCGAAAATGAATCAAAACTTTCAACAACGGATCTCTTGGTTCTGGCATC"
"50","AAGTCGTAACAAGGTCTCCGTAGGTGAACCTGCGGAGGGATCATTACAAGTGACCCCCGGCTCCGGCCGGGGATGTTCATAACCCTTTGTTGTCCGACTCTGTTGCCTCCGGGGCGACCCTGCCTTTTCACGGGCGGGGGCCCCGGGTGGACACATCAAAACTCTTGCGTAACTTTGCAGTCTGAGTAAATTTAATTAATAAATTAAAACTTTCAACAACGGATCTCTTGGTTCTGGCATC"
"51","AAGTCGTAACAAGGTCTCCGTTGGTGAACCAGCGGAGGGATCATTACCGAGTTTACAACTCCCAAACCCCTGTGAACATACCTATCGTTGCTTCGGCGGGATGCCCCAGTTTGACGCAAGCTGGACCCAGGCGCCCGCCGGAGGACCCAAACTCTTGTTTTATTTATGTATCTTCTGAGTAAACAAGCAAATAAATTAAAACTTTCAACAACGGATCTCTTGGTTCTGGCATC"
"52","AAGTCGTAACAAGGTCTCCGTTGGTGAACCAGCGGAGGGATCATTACCGAGTTTACAACTCCCAAACCCAATGTGAACGTTACCAAACTGTTGCCTCGGCGGGATCTCTGCCCCGGGTGCGTCGCAGCCCCGGACCAAGGCGCCCGCCGGAGGACCAACCAAAACTCTTATTGTATACCCCCTCGCGGGTTTTTCACTATCTGAGCCATCTCGGCGCCCCTCGTGGGCGTTTCGAAAATGAATCAAAACTTTCAACAACGGATCTCTTGGTTCTGGCATC"
"53","GTAAAAGTCGTAACAAGGTTTCCGTAGGTGAACCTGCGGAAGGATCATTACCTAGAGTTTGTAGACTTCGGTCTGCTACCTCTTACCCATGTCTTTTGAGTACCTTCGTTTCCTCGGCGGGTCCGCCCGCCGATTGGACAACATTCAAACCCTTTGCAGTTGCAATCAGCGTCTGAAAAAACATAATAGTTACAACTTTCAACAACGGATCTCTTGGTTCTGGCATCGA"
"54","AAGTCGTAACAAGGTTTCCGTAGGTGAACCTGCGGAAGGATCATTAACGAGTTAGGGTCTCTCTGGCCCGACCTCCCAACCCTTTGTCTACTTGACCATCGTTGCTTCGGCGAGCCCGTCCTCACGGACCGCCGGAGGGACCTTCACAGGCCCTCTGGTCCGCGCTCGTCGGTAGCCCAACCATTAAAATCTTTAACTAAACGTGCCTTAATCTAAGTACAATTATTAAATAAAAGCAAAACTTTCAACAACGGATCTCTTGGTTCTGGCATC"
"55","AAGTCGTAACAAGGTTTCCGTAGGTGAACCTGCGGAAGGATCATTAACCGTTACAAACAGTGTGTGATGCGGCCGCCGAGGTGAATAGCCTCTGGTTGGTATGGGGTTCGCCCCTTCACGCTCACGCGTCTGCCATCCTTACTTTACGAGCACCTTCTGTTCTCCCTCGGCAAGGGCCTCGCCCTGCCGTTGGAACTACAAAACTCTTTTTTGCATCTAGCATTACCTGTTCCGACAAAAACAATCGTTTACAACTTTCAACAATGGATCTCTTGGCTCTGGCATC"
"56","GAGGAAGTAAAAGTCGTAACAAGGTTTCCGTAGGTGAACCTGCGGAAGGATCATTACCTAGAGTTGTAGGCTTTGCCTGCTATCTCTTACCCATGTCTTTTAAGTACCTTCGTTTCCTCGGCGGGTTCGCCCGCCGATTGGACAATTTAAACCATTTGCAGTTGCAATCAGCGTCTGAAAAAACTTAATAGTTACAACTTTCAACAACGGATCTCTTGGTTCTGGCATCGATGA"
"57","AAGTCGTAACAAGGTTTCCGTAGGTGAACCTGCGGAAGGATCATTCATAATCAAGTGTTTTTATGGCACTTTAAAAAATCCATATCCACCTTGTGTGCAATGTCATCTCACTGGAGGTCGCGGCTGTAAAAAATCCGTTGGCCACCTTTGGGATTTATATCTACTCAGAACTTTAGTGATTTTGTCTGAACCATATTATGAATAACTTAATTCAAAATACAACTTTCAACAACGGATCTCTTGGCTCTCGCATC"
"58","AAGTCGTAACAAGGTCTCCGTTGGTGAACCAGCGGAGGGATCATTACCGAGTTATACAACTCCCAAACCCACTGTGAACCTTACCTCAGTTGCCTCGGCGGGAACGCCCCGGCCGCCGGCCCCCGCGCCGGCGCCGGACCCAGGCGCCCGCCGCAGGGACCCCAAACTCTCTTGCATTACGCCCAGCGGGCGGAATTTCTTCTCTGAGTTGCACAAGCAAAAACAAATGAATCAAAACTTTCAACAACGGATCTCTTGGTTCTGGCATC"
"59","AAGTCGTAACAAGGTTTCCGTAGGTGAACCTGCGGAAGGATCATTACCGAGTGAGGGCCCTCTGGGTCCAACCTCCCACCCGTGTTTATTTTACCTTGTTGCTTCGGCGAGCCTGCCTTTTGGCTGCCGGGGGACGTCTGTCCCCGGGTCCGCGCTCGCCGAAGACACCTTAGAACTCTGTCTGAAGATTGTAGTCTGAGATTAAATATAAATTATTTAAAACTTTCAACAACGGATCTCTTGGTTCCGGCATC"
"60","AGTAAAAGTCGTAACAAGGTTTCCGTAGGTGAACCTGCGGAAGGATCATTACCTAGAGTTTGTAGACTTCGGTCTGCTACCTCTTACCCATGTCTTTTGAGTACCTTCGTTTCCTCGGCGGGTCCGCCCGCCGATTGGACAACATTCAAACCCTTTGCAGTTGCAATCAGCGTCTGAAAAAACATAATAGTTACAACTTTCAACAACGGATCTCTTGGTTCTGGCATC"
"61","AAGTCGTAACAAGGTTTCTGTAGGTGAACCTGCAGAAGGATCATTAGTGAAGATTTGGGCAGGCCATAAGGACGCCAAAAAGTGTCCCTGGCCGCCTACACCCACTATACATCCACAAACCCGTGTGCACTGGTCTTGGAGAAAGGCTTCAGAGAGGTTTTTTGTGGCCTCTCTTGGAGTCTTTTTCTTCGCTACAAACTCGAATGGTTAGTATGAACGTGGAACTTGGTTGGACCGTCACTGGCCAACAAACTATACACAACTTTCGACAACGGATCTCTTGGTTCTCCCATC"
"62","AAGTCGTAACAAGGTCTCCGTTGGTGAACCAGCGGAGGGATCATTACCGAGTTTTCAACTCCCTAACCCTTCTGTGAACCTACCTTATCGTTGCTTCGGCGGACTCGCCCCAGCCCGGACGCGGACTGGACCAGCGGCCCGCCGGGGACCTCAAACTCTTGTATTCCAGCATCTTCTGAATACGCCGCAAGGCAAAACAAATGAATCAAAACTTTCAACAACGGATCTCTTGGCTCTGGCATC"
"63","GTAAAAGTCGTAACAAGGTTTCCGTAGGTGAACCTGCGGAAGGATCATTACCTAGAGTTTGTAGACTTCGGTCTGCTACCTCTTACCCATGTCTTTTGAGTACCTTCGTTTCCTCGGCGGGTCCGCCCGCCGATTGGACAACATTCAAACCCTTTGCAGTTGCAATCAGCGTCTGAAAAAACATAATAGTTACAACTTTCAACAACGGATCTCTTGGTTCTGGCATC"
"64","AAGTCGTAACAAGGTTTCCGTAGGTGAACCTGCGGAAGGATCATTAGTGAATATTAGGGTGTCCAACTTAACTTGGAGCCCGACCCTCACTTTCTAACCCTGTGCATTTGTCTTGGGTAGTAGCTTGCGTCAGCGAGCGAATCCCATTTCACTTACAAACACAAAGTCTATGAATGTAACAAATTTATAACAAACAAAACTTTCAACAACGGATCTCTTGGCTCTCGCATC"
"65","AAGTCGTAACAAGGTTTCCGTAGGTGAACCTGCGGAAGGATCATTATCCATCTCAAACCAGCTGCGGTCGCGGCCCCCGATAACACGGGTGGTAGGGGTAACACCCTCACGCGCCGCACGTCTGAATCCTTTTTTTACGAGCACCTTTCGTTCTCCTTCGGTGGGGCAACCTGCCGTTGGAACAAACAAAACCTTTTTTTGCATCTAGCATTACCTGTTCTGATACAAACAATCGTTACAACTTTCAACAATGGATCTCTTGGCTCTGGCATC"
"66","AAGTAAAAGTCGTAACAAGGTTTCCGTAGGTGAACCTGCGGAAGGATCATTACCTAGAGTTTGTAGACTTCGGTCTGCTACCTCTTACCCATGTCTTTTGAGTACCTTCGTTTCCTCGGCGGGTCCGCCCGCCGATTGGACAACATTCAAACCCTTTGCAGTTGCAATCAGCGTCTGAAAAAACATAATAGTTACAACTTTCAACAACGGATCTCTTGGTTCTGGCATC"
"67","AAGTCGTAACAAGGTTTCCGTAGGTGAACCTGCGGAAGGATCATTATTGAAAAACTATTCTTAGTTTTTTACACCCCTTTGTTTACCTACCCTGTTGCTTCCACTGGACTGTGCTTCATCTCACAACGAGGTGGGCCCTTTGGCTTGTTGTTAACAGCACTTGCCCCGGAGTTGCCAGTGAATGGACTATAAACCAAAACTTGTTAAAAACAAATGTCTGATTTTTCTTCTTAAATGAAATAAAACTTTCAACAACGGATCTCTAGGCTCTTGCATC"
"68","AAGTCGTAACAAGGTCTCCGTTGGTGAACCAGCGGAGGGATCATTACCGAGTTTACAACTCCCAAACCCAATGTGAACGTTACCAAACTGTTGCCTCGGCGGGGTCACGCCCCGGGTGCGTAAAAGCCCCGGAACCAGGCGCCCGCCGGAGGAACCAACCAAACTCTTTCTGTAGTCCCCTCGCGGACGTATTTCTTACAGCTCTGAGCAAAAATTCAAAATGAATCAAAACTTTCAACAACGGATCTCTTGGTTCTGGCATC"
"69","AGTAAAAGTCGTAACAAGGTTTCCGTAGGTGAACCTGCGGAAGGATCATTACCTAGAGTTTGTAGACTTCGGTCTGCTACCTCTTACCCATGTCTTTTGAGTACCTTCGTTTCCTCGGCGGGTCCGCCCGCCGATTGGACAACATTCAAACCCTTTGCAGTTGCAATCAGCGTCTGAAAAAACATAATAGTTACAACTTTCAACAACGGATCTCTTGGTTCTGGCATCG"
"70","AAGTCGTAACAAGGTCTCCGTTGGTGAACCAGCGGAGGGATCATTACCGAGTTTACAACTCCCAAACCCCTGTGAACATACCTTACTGTTGCCTCGGCGGATCAGCCCGCGCCCGGTAAAACGGGACGGCCCGCCAGAGGACCCCTAAACTCTGTTTTTATTGTAACTTCTGAGTAAAACCATAAATAAATCAAAACTTTCAACAACGGATCTCTTGGTTCTGGCATC"
"71","GAAGTAAAAGTCGTAACAAGGTTTCCGTAGGTGAACCTGCGGAAGGATCATTACCTAGAGTTTGTAGACTTCGGTCTGCTACCTCTTACCCATGTCTTTTGAGTACCTTCGTTTCCTCGGCGGGTCCGCCCGCCGATTGGACAACATTCAAACCCTTTGCAGTTGCAATCAGCGTCTGAAAAAACATAATAGTTACAACTTTCAACAACGGATCTCTTGGTTCTGGCATC"
"72","AAGTAAAAGTCGTAACAAGGTTTCCGTAGGTGAACCTGCGGAAGGATCATTACCTAGAGTTTGTAGACTTCGGTCTGCTACCTCTTACCCATGTCTTTTGAGTACCTTCGTTTCCTCGGCGGGTCCGCCCGCCGATTGGACAACATTCAAACCCTTTGCAGTTGCAATCAGCGTCTGAAAAAACATAATAGTTACAACTTTCAACAACGGATCTCTTGGTTCTGGCATCG"
"73","AAGTCGTAACAAGGTTTCCGTAGGTGAACCTGCGGAAGGATCATTACTGAGTGAGGGCCCTCTGGGTCCAACCTCCCACCCGTGTTTATTGTACCTTGTTGCTTCGGTGCGCCCGCCTCACGGCCGCCGGGGGGCTTCTGCCCCCGGGTCCGCGCGCACCGGAGACACTATTGAACTCTGTCTGAAGATTGCAGTCTGAGCATAAACTAAATAAGTTAAAACTTTCAACAACGGATCTCTTGGTTCCGGCATC"
"74","GAAGTAAAAGTCGTAACAAGGTTTCCGTAGGTGAACCTGCGGAAGGATCATTACCTAGAGTTTGTAGACTTCGGTCTGCTACCTCTTACCCATGTCTTTTGAGTACCTTCGTTTCCTCGGCGGGTCCGCCCGCCGATTGGACAACATTCAAACCCTTTGCAGTTGCAATCAGCGTCTGAAAAAACATAATAGTTACAACTTTCAACAACGGATCTCTTGGTTCTGGCATCG"
"75","AAGTCGTAACAAGGTTTCCGTAGGTGAACCTGCGGAAGGATCATTACCGAGTGCGGGCCCTCTGGGTCCAACCTCCCATCCGTGTCTATTATACCCTGTTGCTTCGGCGGGCCCGCCGTCGCTCCATCCCCGGGATCTTTTCCGGGGACGGGGCGCGGCCGCCGGGGGGCGATCCCGCCCCCGGGCCCGTGCCCGCCGGGGACACCAACACTGAACACTGTCTGAAGGTTGCAGTCTGAGTTTTCATAAAAGAAAAATCGTTAAAACTTTCAACAACGGATCTCTTGGTTCCGGCATC"
"76","AAGTCGTAACAAGGTTTCTGTAGGTGAACCTGCAGAAGGATCATTAGTGAATGCCTGGGCTGTCATACGGACTGCGGTCTCTGACGCCCACCCACTATATCCGCAAACCCTGTGCACTGTGGTGTTGTCTTGGACACACCTCGCCAACCAACTCGTCTTTGTATCTGTACGTGTCTACTTGGCCTAAGCCAAAAATCAACACAACTTTCGACAACGGATCTCTTGGTTCTCCCATC"
"77","AAGTCGTAACAAGGTTTCCGTAGGTGAACCTGCGGAAGGATCATTACAGTAGTCACCCAGGTTGCCGCAAGGCCTCCTGGGTAACCTACCACCCTTTGTTTATTACACTTTGTTGCTTTGGCAAGCCTGCCCTCGGGCTGCTGGCTCCGGCCGGCGAGCGCTTGCCAGAGGACCTAAACTCTGTTTGTCTATACTGTCTGAGTACTATATAATAGTTAAAACTTTCAACAACGGATCTCTTGGTTCTGGCATC"
"78","AAGTCGTAACAAGGTTTCCGTAGGTGAACCTGCGGAAGGATCATTAAATAATTTGATATTCTAGCCCTCGGCTAGTAATATTTTATTTACTGTGAACTGTATTATTATTTGGCGTTTGAGGAATGTCTGCTGGCTATATGGGTAAGCCAACAGAATGTTAACCGAGCCATAATCAGACTTAGGTCTGGTACCCAGATTATTATTTACCAAAAGAATTCAGTATAAATATTGTAACATAGACGTAAGAAATCTATAAAAACAACTTTTAACAACGGATCTCTTGGTTCTCGCATC"
"79","AAGTCGTAACAAGGTCTCCGTTGGTGAACCAGCGGAGGGATCATTACCGAGTTTACAACTCCCAAACCCCTGTGAACATACCTTTATGTTGCCTCGGCGGATCAGCCCGCGCCCCGTAAAACGGGACGGCCCGCCGCAGGAACCACAAAACTCTGATTTTAGTGTAACTTCTGAGTCTAAAAAACAAATAAATCAAAACTTTCAACAACGGATCTCTTGGTTCTGGCATC"
"80","AAGTCGTAACAAGGTCTCCGTAGGTGAACCTGCGGAGGGATCATTACACAATACAATATGAAGGCCCGTAACACGGCTGGATTATTTTATTACCCTTGTCTTTTGCGCACTTGTTGTTTCCTGGGCGGGTTTCGCCCGCCACCAGGACCACACCATAAACCTTTTTTATGCAGTTGCAATCAGCGTCAGTACAACAAATGTAAATCATTTACAACTTTCAACAACGGATCTCTTGGTTCTGGCATC"
"81","AAGTCGTAACAAGGTCTCCGTTGGTGAACCAGCGGAGGGATCATTATAGAGTTGCAAAACTCCCTTAAACCATTGTGGACGAGCTTGATAGGTGCTCTGTCAGGCCGGAGGCTGGGCCCGTTAAACGGCCCGCTGTAGGCCCGCCAGAGTGTCCTTAAACTCTTATTGTTGGCATCTTCTGAGGAACTTATTTAATAAGTCAAAACTTTCAACAACGGATCTCTTGGTTCTGGCATC"
"82","AAAAGTCGTAACAAGGTTTCCGTAGGTGAACCTGCGGAAGGATCATTCATAATAAGTGTTTTATGGCACTTTTTAAATCCATATCCACCTTGTGTGCAATGTCAGTCGATCTTCTTCATGGAGATCGACCAAACATCAACCTTTATTTTTTAACTCTTTGTCTGAAAAATATTATGAATAAACAATTCAAAATACAACTTTCAACAACGGATCTCTTGGCTCTCGCATC"
"83","AAGTCGTAACAAGGTTTCCGTAGGTGAACCTGCGGAAGGATCATTATCGTGGGGCTTCGGCCCCGTCGAGATAGCACCCTTGCCTTTATGAGTACCTTGGTTCCCTCCCCCGTACCTTCGGGGAGCGGGAGGGACCTCGTCCGTTTCCCTGTGGCGGCGAAAGCCCCTGGGGACCGCAAAACACGCTGTAACCACCTGCAACCGTCTGATAAACAAACAAAAAAAATCAAAACTTTCAACAACGGATCTCTTGGTTCTGGCATC"
"84","AAGTCGTAACAAGGTTTCTGTAGGTGAACCTGCAGAAGGATCATTAGTGAAGATTCAAGGGCCAGCCATACAGACGTACAATAAGTGTGTCTCTGGCGGCTCGCATCCACTATACATCCATAAACCCGTGTGCACTGTTCTAAGGAGTAAGAAAGAAGAAGGGGAGGGGAGAGAGAGTGCATGTGCTTTGCATATAACTCTCTCTCACTCTCCACTCTCTTTCTCTCTCCGGTTAATTACAAACTCGTATGGATTTGTATGAACGTGAGATATATCGTTGGACCGTCACTGGCCAACAAATATAACACAACTTTCGACAACGGATCTCTTGGTTCTCCCATC"
"85","AAGTCGTAACAAGGTCTCCGTTGGTGAACCAGCGGAGGGATCATTACCGAGTTTACAACTCCCAAACCCAATGTGAACATTACCTCGACGTTGCCTCGGCGGGACCGCCCCGGCGCCCTCACCGGCACCGGAACCAGGCGCCCGCCGCAGGGACCCAAACCTCTGTTTTATTATGAATTCTCCTCTGAGTGGATTTTATACAAATAAATCAAAACTTTCAACAACGGATCTCTTGGCTCTGGCATC"
"86","AAGTCGTAACAAGGTCTCCGTTGGTGAACCAGCGGAGGGATCATTACAGAGTTTAACGACTCCCAAACCACTGTGAACATACCCGTACCGTTGCCTCGGCGGGCGGCCCCAGGGCGGGGCCGCAGCCTCCCCAGCGGAGGCGCCCGCCGCAGGTCGCAAAACTATAACTATATTTAGTGGCATCTCTGAGTAACTTCCAAACAATCAAAACTTTCAACAACGGATCTCTTGGTTCTGGCATC"
"87","GTAAAAGTCGTAACAAGGTTTCCGTAGGTGAACCTGCGGAAGGATCATTACCTAGAGTTTGTAGACTTCGGTCTGCTACCTCTTACCCATGTCTTTTGAGTACCTTCGTTTCCTCGGCGGGTCCGCCCGCCGATTGGACAACATTCAAACCCTTTGCAGTTGCAATCAGCGTCTGAAAAAACATAATAGTTACAACTTTCAACAACGGATCTCTTGGTTCTGGCATCGAT"
"88","AAGTCGTAACAAGGTTTCTGTAGGTGAACCTGCAGAAGGATCATTAGTGAAGATTTGGGCAGGCCATACGGACGCCACAAAGTGTCCCTGGCCGCCTACACCCACTATACATCCACAAACCCGTGTGCACTGTCCTTGGAAAGGGCATTTGGAGAGAAAAAGGAAGAGAGAAGCGAGAACAGTGCGATCCGTCGCGTTGGGCGTTGATCTCTGGCTTGGTCTCTCTGAGGCCCTTTCCTCGCTACAAACTCGAATGGTTAGTATGAACGTGGAACTTGGTTGGACCGTCACTGGCCAACAAACTATACACAACTTTCGACAACGGATCTCTTGGTTCTCCCATC"
